{
 "gru": {
  "24": {
   "n": 1376,
   "track_rmse": 217.6397111411064,
   "track_mae": 170.78441770070083,
   "v_bias": -0.966616989567809,
   "v_mae": 13.323248882265277,
   "v_a": -1.1859701420369189,
   "v_b": 1.0357845465274675
  },
  "48": {
   "n": 1206,
   "track_rmse": 508.0508582485191,
   "track_mae": 407.60957716129434,
   "v_bias": -1.1583840139009554,
   "v_mae": 19.471155516941792,
   "v_a": 0.3027507544895704,
   "v_b": 1.0145923582647804
  },
  "72": {
   "n": 1016,
   "track_rmse": 805.2155553560016,
   "track_mae": 658.1577862842487,
   "v_bias": -0.9092553191489359,
   "v_mae": 21.840106382978725,
   "v_a": 2.3069655632557216,
   "v_b": 0.9752040125568237
  }
 },
 "transformer": {
  "24": {
   "n": 1376,
   "track_rmse": 222.69685500035564,
   "track_mae": 175.08234000928726,
   "v_bias": -1.2446348733233978,
   "v_mae": 13.1650521609538,
   "v_a": 1.5506120361911062,
   "v_b": 0.9948898264477126
  },
  "48": {
   "n": 1206,
   "track_rmse": 514.1229896117725,
   "track_mae": 414.6486629371113,
   "v_bias": -1.0284100781928753,
   "v_mae": 19.25986099044309,
   "v_a": 1.6361556611927242,
   "v_b": 0.9896581548591892
  },
  "72": {
   "n": 1016,
   "track_rmse": 812.6421099983511,
   "track_mae": 667.8803447648751,
   "v_bias": 0.2753191489361698,
   "v_mae": 21.61404255319149,
   "v_a": 1.01292856547826,
   "v_b": 0.9776163155584753
  }
 },
 "cliper": {
  "24": {
   "n": 1376,
   "track_rmse": 244.26154787573208,
   "track_mae": 192.99788661671016,
   "v_bias": -0.49925484351713867,
   "v_mae": 13.666915052160954,
   "v_a": 2.9225256933875214,
   "v_b": 0.9600261882571722
  },
  "48": {
   "n": 1206,
   "track_rmse": 555.9464443756315,
   "track_mae": 449.4713591590613,
   "v_bias": -0.17454387489139886,
   "v_mae": 20.968114682884448,
   "v_a": 3.6044966222689188,
   "v_b": 0.9424693267587043
  },
  "72": {
   "n": 1016,
   "track_rmse": 878.0211901842126,
   "track_mae": 725.8932732436431,
   "v_bias": 0.17159574468085126,
   "v_mae": 23.551595744680853,
   "v_a": 4.719527734796742,
   "v_b": 0.9148618471674548
  }
 },
 "pangu": {
  "24": {
   "n": 1337,
   "track_rmse": 169.87277265490036,
   "track_mae": 88.57718151464385,
   "v_bias": -27.76674311926605,
   "v_mae": 28.036162079510706,
   "v_a": -2.3001295143170974,
   "v_b": 1.9015492010867612
  },
  "48": {
   "n": 1176,
   "track_rmse": 337.8538649288058,
   "track_mae": 167.25398477436605,
   "v_bias": -27.258162355040145,
   "v_mae": 27.8413916146298,
   "v_a": -4.12094589712866,
   "v_b": 1.9640001630788289
  },
  "72": {
   "n": 991,
   "track_rmse": 509.2233609227233,
   "track_mae": 257.1399204571432,
   "v_bias": -25.483078602620086,
   "v_mae": 26.13045851528384,
   "v_a": -6.308531342747112,
   "v_b": 1.99547454868499
  }
 },
 "fengwu": {
  "24": {
   "n": 1337,
   "track_rmse": 260.51278439717123,
   "track_mae": 88.40940672947688,
   "v_bias": -28.524006116207953,
   "v_mae": 28.740519877675844,
   "v_a": -8.311160123816173,
   "v_b": 2.130156912758412
  },
  "48": {
   "n": 1172,
   "track_rmse": 456.10779128421547,
   "track_mae": 167.85134202278502,
   "v_bias": -29.725962399283798,
   "v_mae": 30.06436884512086,
   "v_a": -5.84234100441929,
   "v_b": 2.180077728760017
  },
  "72": {
   "n": 987,
   "track_rmse": 687.5889763444616,
   "track_mae": 292.9809599287456,
   "v_bias": -30.72094298245614,
   "v_mae": 30.920065789473682,
   "v_a": 0.16074243747829342,
   "v_b": 2.1436327895209284
  }
 },
 "cons_aiwp": {
  "24": {
   "n": 1337,
   "track_rmse": 177.46335048029462,
   "track_mae": 80.97683820150677,
   "v_bias": -28.145336391437308,
   "v_mae": 28.36888379204893,
   "v_a": -6.978891411038682,
   "v_b": 2.065286166305453
  },
  "48": {
   "n": 1176,
   "track_rmse": 344.4215303616812,
   "track_mae": 154.8318968963617,
   "v_bias": -28.467528991971452,
   "v_mae": 28.862176628010708,
   "v_a": -7.246281331419996,
   "v_b": 2.1395029123587714
  },
  "72": {
   "n": 991,
   "track_rmse": 510.51710894588683,
   "track_mae": 251.74448056332295,
   "v_bias": -28.09486899563319,
   "v_mae": 28.42106986899563,
   "v_a": -5.971550851901773,
   "v_b": 2.161711195012193
  }
 }
}