{
 "trust_ratio_coverage": {
  "24": 0.9428109379594237,
  "48": 0.903117666778411,
  "72": 0.9068842021488261
 },
 "delta_coverage": {
  "24": 0.8801191362620998,
  "48": 0.7734375,
  "72": 0.740701381509033
 }
}