{
 "learned_auditor": {
  "24": {
   "learned_auditor_mae": 11.343952574295326,
   "learned_auditor_bias": 1.4478349686540195,
   "n": 1282
  },
  "48": {
   "learned_auditor_mae": 14.958112904028686,
   "learned_auditor_bias": 2.6938905783301426,
   "n": 1070
  },
  "72": {
   "learned_auditor_mae": 15.932971048592355,
   "learned_auditor_bias": 2.448709837838077,
   "n": 859
  }
 },
 "aiwp_postproc": {
  "24": {
   "mae": 10.54868784309339,
   "bias": 0.34264898078506767
  },
  "48": {
   "mae": 13.602649951625386,
   "bias": 0.23683987320671016
  },
  "72": {
   "mae": 14.807101482108012,
   "bias": 0.8823063586935619
  }
 }
}