method,events,hits,misses,false_alarms,pod,far,csi
persistence,97,0,97,0,0.0,,0.0
cliper,97,0,97,1,0.0,1.0,0.0
gru,97,0,97,0,0.0,,0.0
transformer,97,0,97,0,0.0,,0.0
cons_equal,97,0,97,0,0.0,,0.0
cons_weighted,97,0,97,0,0.0,,0.0
cons_bc,97,0,97,1,0.0,1.0,0.0
cons_aiwp,88,0,88,0,0.0,,0.0
hybrid_static,88,0,88,1,0.0,1.0,0.0
hybrid_rules,88,11,77,22,0.125,0.6666666666666666,0.1
static_convex,97,0,97,1,0.0,1.0,0.0
static_basin,97,0,97,1,0.0,1.0,0.0
static_icat,97,0,97,1,0.0,1.0,0.0
gate_ridge,97,0,97,1,0.0,1.0,0.0
gbt_static,97,0,97,1,0.0,1.0,0.0
gbt_case,97,0,97,1,0.0,1.0,0.0
gbt_shuffled,97,0,97,1,0.0,1.0,0.0
learned_gbt2,97,10,87,16,0.10309278350515463,0.6153846153846154,0.08849557522123894
learned_gbt_contract,97,18,79,52,0.18556701030927836,0.7428571428571429,0.12080536912751678
analog_median,88,10,78,16,0.11363636363636363,0.6153846153846154,0.09615384615384616
analog_linear,88,3,85,5,0.03409090909090909,0.625,0.03225806451612903
aiwp_postproc,88,7,81,14,0.07954545454545454,0.6666666666666666,0.06862745098039216
agent_full_qwen14b,97,0,97,10,0.0,1.0,0.0
agent_full_qwen72b,97,3,94,14,0.030927835051546393,0.8235294117647058,0.02702702702702703
agent_full_qwen7b,97,2,95,5,0.020618556701030927,0.7142857142857143,0.0196078431372549
agent_mini_qwen14b,97,1,96,3,0.010309278350515464,0.75,0.01
agent_single_qwen14b,97,1,96,3,0.010309278350515464,0.75,0.01
agent_single_refine_qwen14b,97,0,97,3,0.0,1.0,0.0
agent_no_analogs_qwen14b,97,1,96,1,0.010309278350515464,0.5,0.01020408163265306
agent_no_auditor_qwen14b,97,2,95,1,0.020618556701030927,0.3333333333333333,0.02040816326530612
agent_no_diagnostics_qwen14b,97,3,94,12,0.030927835051546393,0.8,0.027522935779816515
agent_full_qwen14b_anon,96,0,96,5,0.0,1.0,0.0
agent_full_qwen14b_gateadv,97,1,96,8,0.010309278350515464,0.8888888888888888,0.009523809523809525
pangu,88,0,88,0,0.0,,0.0
fengwu,88,0,88,0,0.0,,0.0
