method,events,hits,misses,false_alarms,pod,far,csi
hybrid_static,88,0,88,1,0.0,1.0,0.0
aiwp_postproc,88,7,81,14,0.07954545454545454,0.6666666666666666,0.06862745098039216
agent_full_qwen14b,97,0,97,10,0.0,1.0,0.0
agent_full_qwen14b_strongprior,88,12,76,21,0.13636363636363635,0.6363636363636364,0.11009174311926606
