method,lead,n,track_km,track_med_km,vmax_mae_kt,vmax_bias_kt,n_storms,track_skill_pct,vmax_skill_pct
hybrid_static,24,1282,70.04625848036942,43.5867548739179,11.994617784711387,1.042823712948518,163,0.0,0.0
agent_full_qwen14b,24,1282,71.50638721693359,47.58982007835719,12.544071762870514,-1.6421996879875196,163,-2.084520669970368,-4.58083773923562
agent_full_qwen14b_t0,24,1282,71.42644745483344,48.313773980348195,12.27028081123245,-1.7524960998439936,163,-1.9703964271707952,-2.298222681780063
hybrid_static,48,1102,124.08236961871243,69.21144883280527,16.415046728971966,1.1043925233644858,144,0.0,0.0
agent_full_qwen14b,48,1102,127.37307688819062,78.70031772177218,16.825233644859814,-0.08616822429906525,144,-2.6520345151289972,-2.4988470801236495
agent_full_qwen14b_t0,48,1102,126.52841659595484,77.50256529369398,16.61392523364486,-0.3195327102803738,144,-1.9713090463687626,-1.2115622206659995
hybrid_static,72,907,213.68064164210475,105.89213140844807,17.88183934807916,1.1772991850989525,119,0.0,0.0
agent_full_qwen14b,72,907,209.70361412581155,118.86050581318875,18.527240977881256,1.1651920838183933,119,1.8612015977349707,-3.609257511148721
agent_full_qwen14b_t0,72,907,211.19114988726272,118.1671097012786,18.786961583236323,0.9860302677532016,119,1.1650525455701732,-5.061684189967787
